{"cameraMode":{"drawMode":0,"name":"Shaded","section":"Shading Mode"},"sceneLighting":false,"audioPlay":false,"sceneViewState":{"showFog":true,"showMaterialUpdate":false,"showSkybox":false,"showFlares":true,"showImageEffects":true,"showParticleSystems":true},"in2DMode":false,"pivot":{"x":0.224853515625,"y":-2.053466796875,"z":-3.931640625},"rotation":{"x":-0.15614883601665498,"y":0.8048809766769409,"z":-0.24068200588226319,"w":-0.5193802714347839},"size":2.357074737548828,"orthographic":true}