{"cameraMode":{"drawMode":0,"name":"Shaded","section":"Shading Mode"},"sceneLighting":true,"audioPlay":false,"sceneViewState":{"showFog":true,"showMaterialUpdate":false,"showSkybox":true,"showFlares":true,"showImageEffects":true,"showParticleSystems":true},"in2DMode":false,"pivot":{"x":0.224853515625,"y":-2.053466796875,"z":-3.931640625},"rotation":{"x":0.15987691283226014,"y":0.1259138286113739,"z":-0.021286122500896455,"w":0.9787916541099548},"size":8.393083572387696,"orthographic":true}